Workbook

Sheet 频道列表
A1: 频道名称 | B1: URL | C1: 分组 | D1: Logo地址 | E1: 分辨率 | F1: 状态 | G1: 延迟(ms) | H1: 匹配
A2: pltv_3221228556 | B2: http://ott.mobaibox.com/PLTV/4/224/3221228556/index.m3u8 | C2: 未分类 | E2: 672x896 | F2: 有效 | G2: 6453 | H2: =VLOOKUP(B2,Sheet1!C:D,2,0) -> 广播-8556
A3: pltv_3221227506 | B3: http://ott.mobaibox.com/PLTV/4/224/3221227506/index.m3u8 | C3: 未分类 | E3: 3840x2160 | F3: 有效 | G3: 4103 | H3: =VLOOKUP(B3,Sheet1!C:D,2,0) -> 4KUHD-1
A4: pltv_3221228242 | B4: http://ott.mobaibox.com/PLTV/4/224/3221228242/index.m3u8 | C4: 未分类 | E4: 3840x2160 | F4: 有效 | G4: 4300 | H4: =VLOOKUP(B4,Sheet1!C:D,2,0) -> 4KUHD-2
A5: pltv_3221228141 | B5: http://ott.mobaibox.com/PLTV/4/224/3221228141/index.m3u8 | C5: 未分类 | E5: 3840x2160 | F5: 有效 | G5: 4116 | H5: =VLOOKUP(B5,Sheet1!C:D,2,0) -> 4K修复
A6: pltv_3221228589 | B6: http://ott.mobaibox.com/PLTV/4/224/3221228589/index.m3u8 | C6: 未分类 | E6: 3840x2160 | F6: 有效 | G6: 3798 | H6: =VLOOKUP(B6,Sheet1!C:D,2,0) -> 4K演示-8589
A7: pltv_3221228581 | B7: http://ott.mobaibox.com/PLTV/4/224/3221228581/index.m3u8 | C7: 未分类 | E7: 3840x2160 | F7: 有效 | G7: 4693 | H7: =VLOOKUP(B7,Sheet1!C:D,2,0) -> CCTV1-4K
A8: pltv_3221228168 | B8: http://ott.mobaibox.com/PLTV/4/224/3221228168/index.m3u8 | C8: 未分类 | E8: 3840x2160 | F8: 有效 | G8: 3918 | H8: =VLOOKUP(B8,Sheet1!C:D,2,0) -> CCTV16-4K
A9: pltv_3221228314 | B9: http://ott.mobaibox.com/PLTV/4/224/3221228314/index.m3u8 | C9: 未分类 | E9: 3840x2160 | F9: 有效 | G9: 3987 | H9: =VLOOKUP(B9,Sheet1!C:D,2,0) -> CCTV16-4K
A10: pltv_3221228499 | B10: http://ott.mobaibox.com/PLTV/4/224/3221228499/index.m3u8 | C10: 未分类 | E10: 3840x2160 | F10: 有效 | G10: 4733 | H10: =VLOOKUP(B10,Sheet1!C:D,2,0) -> CCTV3-4K
A11: pltv_3221228228 | B11: http://ott.mobaibox.com/PLTV/4/224/3221228228/index.m3u8 | C11: 未分类 | E11: 3840x2160 | F11: 有效 | G11: 4260 | H11: =VLOOKUP(B11,Sheet1!C:D,2,0) -> CCTV4K
A12: pltv_3221228472 | B12: http://ott.mobaibox.com/PLTV/4/224/3221228472/index.m3u8 | C12: 未分类 | E12: 3840x2160 | F12: 有效 | G12: 4240 | H12: =VLOOKUP(B12,Sheet1!C:D,2,0) -> CCTV4K
A13: pltv_3221228502 | B13: http://ott.mobaibox.com/PLTV/4/224/3221228502/index.m3u8 | C13: 未分类 | E13: 3840x2160 | F13: 有效 | G13: 4632 | H13: =VLOOKUP(B13,Sheet1!C:D,2,0) -> CCTV5-4K
... A598: pltv_3221228638 | B598: http://ott.mobaibox.com/PLTV/4/224/3221228638/index.m3u8 | C598: 未分类 | E598: 0x0 | F598: 有效 | G598: 6504 | H598: =VLOOKUP(B598,Sheet1!C:D,2,0) -> 亲宝玩具-8638
A599: pltv_3221228505 | B599: http://ott.mobaibox.com/PLTV/4/224/3221228505/index.m3u8 | C599: 未分类 | F599: 有效 | G599: 4527 | H599: =VLOOKUP(B599,Sheet1!C:D,2,0) -> 广播-8505
A600: pltv_3221228508 | B600: http://ott.mobaibox.com/PLTV/4/224/3221228508/index.m3u8 | C600: 未分类 | F600: 有效 | G600: 4562 | H600: =VLOOKUP(B600,Sheet1!C:D,2,0) -> 广播-8508
A601: pltv_3221228511 | B601: http://ott.mobaibox.com/PLTV/4/224/3221228511/index.m3u8 | C601: 未分类 | F601: 有效 | G601: 4528 | H601: =VLOOKUP(B601,Sheet1!C:D,2,0) -> 广播-8511
A602: pltv_3221228514 | B602: http://ott.mobaibox.com/PLTV/4/224/3221228514/index.m3u8 | C602: 未分类 | F602: 有效 | G602: 4527 | H602: =VLOOKUP(B602,Sheet1!C:D,2,0) -> 广播-8514
A603: pltv_3221228517 | B603: http://ott.mobaibox.com/PLTV/4/224/3221228517/index.m3u8 | C603: 未分类 | F603: 有效 | G603: 4314 | H603: =VLOOKUP(B603,Sheet1!C:D,2,0) -> 广播-8517
A604: pltv_3221228519 | B604: http://ott.mobaibox.com/PLTV/4/224/3221228519/index.m3u8 | C604: 未分类 | F604: 有效 | G604: 4540 | H604: =VLOOKUP(B604,Sheet1!C:D,2,0) -> 广播-8519
A605: pltv_3221228520 | B605: http://ott.mobaibox.com/PLTV/4/224/3221228520/index.m3u8 | C605: 未分类 | F605: 有效 | G605: 4732 | H605: =VLOOKUP(B605,Sheet1!C:D,2,0) -> 广播-8520
A606: pltv_3221228522 | B606: http://ott.mobaibox.com/PLTV/4/224/3221228522/index.m3u8 | C606: 未分类 | F606: 有效 | G606: 4373 | H606: =VLOOKUP(B606,Sheet1!C:D,2,0) -> 广播-8522
A607: pltv_3221228523 | B607: http://ott.mobaibox.com/PLTV/4/224/3221228523/index.m3u8 | C607: 未分类 | F607: 有效 | G607: 4691 | H607: =VLOOKUP(B607,Sheet1!C:D,2,0) -> 广播-8523
A608: pltv_3221228525 | B608: http://ott.mobaibox.com/PLTV/4/224/3221228525/index.m3u8 | C608: 未分类 | F608: 有效 | G608: 4572 | H608: =VLOOKUP(B608,Sheet1!C:D,2,0) -> 广播-8525
A609: pltv_3221228526 | B609: http://ott.mobaibox.com/PLTV/4/224/3221228526/index.m3u8 | C609: 未分类 | F609: 有效 | G609: 4371 | H609: =VLOOKUP(B609,Sheet1!C:D,2,0) -> 广播-8526
A610: pltv_3221228528 | B610: http://ott.mobaibox.com/PLTV/4/224/3221228528/index.m3u8 | C610: 未分类 | F610: 有效 | G610: 4570 | H610: =VLOOKUP(B610,Sheet1!C:D,2,0) -> 广播-8528
... A643: pltv_3221228623 | B643: http://ott.mobaibox.com/PLTV/4/224/3221228623/index.m3u8 | C643: 未分类 | F643: 有效 | G643: 4352 | H643: =VLOOKUP(B643,Sheet1!C:D,2,0) -> 广播-8623

Sheet Sheet1
A1: 咪视界-1,http://[2409:8087:1e01:20::3]/PLTV/11/224/3221225636/1.m3u8 | B1: =FIND(",",A1) -> 6 | C1: =MID(A1,B1+1,LEN(A1)-B1) -> http://[2409:8087:1e01:20::3]/PLTV/11/224/3221225636/1.m3u8 | D1: =LEFT(A1,B1-1) -> 咪视界-1
A2: 咪视界-2,http://[2409:8087:1e01:20::3]/PLTV/11/224/3221225637/1.m3u8 | B2: =FIND(",",A2) -> 6 | C2: =MID(A2,B2+1,LEN(A2)-B2) -> http://[2409:8087:1e01:20::3]/PLTV/11/224/3221225637/1.m3u8 | D2: =LEFT(A2,B2-1) -> 咪视界-2
A3: 咪视界-3,http://[2409:8087:1e01:20::3]/PLTV/11/224/3221225638/1.m3u8 | B3: =FIND(",",A3) -> 6 | C3: =MID(A3,B3+1,LEN(A3)-B3) -> http://[2409:8087:1e01:20::3]/PLTV/11/224/3221225638/1.m3u8 | D3: =LEFT(A3,B3-1) -> 咪视界-3
A4: 咪视界-4,http://[2409:8087:1e01:20::3]/PLTV/11/224/3221225639/1.m3u8 | B4: =FIND(",",A4) -> 6 | C4: =MID(A4,B4+1,LEN(A4)-B4) -> http://[2409:8087:1e01:20::3]/PLTV/11/224/3221225639/1.m3u8 | D4: =LEFT(A4,B4-1) -> 咪视界-4
A5: 咪视界-5,http://[2409:8087:1e01:20::3]/PLTV/11/224/3221225640/1.m3u8 | B5: =FIND(",",A5) -> 6 | C5: =MID(A5,B5+1,LEN(A5)-B5) -> http://[2409:8087:1e01:20::3]/PLTV/11/224/3221225640/1.m3u8 | D5: =LEFT(A5,B5-1) -> 咪视界-5
A6: 咪视界-6,http://[2409:8087:1e01:20::3]/PLTV/11/224/3221225641/1.m3u8 | B6: =FIND(",",A6) -> 6 | C6: =MID(A6,B6+1,LEN(A6)-B6) -> http://[2409:8087:1e01:20::3]/PLTV/11/224/3221225641/1.m3u8 | D6: =LEFT(A6,B6-1) -> 咪视界-6
A7: 咪视界-7,http://[2409:8087:1e01:20::3]/PLTV/11/224/3221225643/1.m3u8 | B7: =FIND(",",A7) -> 6 | C7: =MID(A7,B7+1,LEN(A7)-B7) -> http://[2409:8087:1e01:20::3]/PLTV/11/224/3221225643/1.m3u8 | D7: =LEFT(A7,B7-1) -> 咪视界-7
A8: 咪视界-8,http://[2409:8087:1e01:20::3]/PLTV/11/224/3221225644/1.m3u8 | B8: =FIND(",",A8) -> 6 | C8: =MID(A8,B8+1,LEN(A8)-B8) -> http://[2409:8087:1e01:20::3]/PLTV/11/224/3221225644/1.m3u8 | D8: =LEFT(A8,B8-1) -> 咪视界-8
A9: 咪视界-9,http://[2409:8087:1e01:20::3]/PLTV/11/224/3221225646/1.m3u8 | B9: =FIND(",",A9) -> 6 | C9: =MID(A9,B9+1,LEN(A9)-B9) -> http://[2409:8087:1e01:20::3]/PLTV/11/224/3221225646/1.m3u8 | D9: =LEFT(A9,B9-1) -> 咪视界-9
A10: 咪视界-10,http://[2409:8087:1e01:20::3]/PLTV/11/224/3221225657/1.m3u8 | B10: =FIND(",",A10) -> 7 | C10: =MID(A10,B10+1,LEN(A10)-B10) -> http://[2409:8087:1e01:20::3]/PLTV/11/224/3221225657/1.m3u8 | D10: =LEFT(A10,B10-1) -> 咪视界-10
A11: BesTV-1,http://[2409:8087:1e01:20::3]/PLTV/11/224/3221225663/1.m3u8 | B11: =FIND(",",A11) -> 8 | C11: =MID(A11,B11+1,LEN(A11)-B11) -> http://[2409:8087:1e01:20::3]/PLTV/11/224/3221225663/1.m3u8 | D11: =LEFT(A11,B11-1) -> BesTV-1
A12: BesTV-2,http://[2409:8087:1e01:20::3]/PLTV/11/224/3221225664/1.m3u8 | B12: =FIND(",",A12) -> 8 | C12: =MID(A12,B12+1,LEN(A12)-B12) -> http://[2409:8087:1e01:20::3]/PLTV/11/224/3221225664/1.m3u8 | D12: =LEFT(A12,B12-1) -> BesTV-2
... A1149: 苏州4K,http://tylive.kan0512.com/norecord/csztv4k_4k.m3u8 | B1149: =FIND(",",A1149) -> 5 | C1149: =MID(A1149,B1149+1,LEN(A1149)-B1149) -> http://tylive.kan0512.com/norecord/csztv4k_4k.m3u8 | D1149: =LEFT(A1149,B1149-1) -> 苏州4K
